email,subject,message
angel_salces@yahoo.es,ahora si,no hay linea itermedia
abc@chupabien.com,y todo es,coomo uo 
bzr2p@bzrp.ar,lo desea,de verdad
alataker@jar.com,hemosvencido,y hemos ganado
vencedor@jfjfj.jfjfj,he ganado,"he ganado, he conquistado"
angel_salces@yahoo.es,el vencedor,he ganado!
a@bcd.de,kdkdkd,eieie
capoeira@bcd.de,ahi vamos,venga a por ello!! 
bcd@gmail.com,mi tema,soy un vencedor y estoy contengo con mi vida
bcd@gmail.com,mi tema,soy un vencedor y estoy contengo con mi vida
quevedo@gmail.com,vamos,vamos al ataker
